date,mvBeds,inHospital,admissions,newCases,deaths
2020-01-31,,,,2,
2020-02-01,,,,0,
2020-02-02,,,,0,
2020-02-03,,,,0,
2020-02-04,,,,0,
2020-02-05,,,,0,
2020-02-06,,,,1,
2020-02-07,,,,0,
2020-02-08,,,,0,
2020-02-09,,,,1,
2020-02-10,,,,4,
2020-02-11,,,,0,
2020-02-12,,,,0,
2020-02-13,,,,1,
2020-02-14,,,,0,
2020-02-15,,,,0,
2020-02-16,,,,0,
2020-02-17,,,,0,
2020-02-18,,,,0,
2020-02-19,,,,0,
2020-02-20,,,,0,
2020-02-21,,,,0,
2020-02-22,,,,0,
2020-02-23,,,,0,
2020-02-24,,,,4,
2020-02-25,,,,0,
2020-02-26,,,,0,
2020-02-27,,,,0,
2020-02-28,,,,6,
2020-02-29,,,,4,
2020-03-01,,,,12,
2020-03-02,,,,5,
2020-03-03,,,,11,
2020-03-04,,,,34,
2020-03-05,,,,29,
2020-03-06,,,,46,1.0
2020-03-07,,,,46,1.0
2020-03-08,,,,65,0.0
2020-03-09,,,,50,1.0
2020-03-10,,,,52,4.0
2020-03-11,,,,83,0.0
2020-03-12,,,,134,2.0
2020-03-13,,,,207,1.0
2020-03-14,,,,264,18.0
2020-03-15,,,,330,14.0
2020-03-16,,,,152,22.0
2020-03-17,,,,407,16.0
2020-03-18,,,,676,34.0
2020-03-19,,,,643,45.0
2020-03-20,,,,714,32.0
2020-03-21,,,,1035,58.0
2020-03-22,,,,665,36.0
2020-03-23,,,1274.0,967,76.0
2020-03-24,,,1718.0,1427,148.0
2020-03-25,,,2086.0,1452,191.0
2020-03-26,,,1929.0,2129,181.0
2020-03-27,,7267.0,2229.0,2890,288.0
2020-03-28,,8278.0,2192.0,2556,292.0
2020-03-29,,9525.0,2489.0,2502,212.0
2020-03-30,,11093.0,3192.0,2665,374.0
2020-03-31,,12597.0,2832.0,3250,403.0
2020-04-01,,13637.0,3567.0,4567,672.0
2020-04-02,1813.0,13875.0,3286.0,4522,657.0
2020-04-03,2120.0,15546.0,2931.0,4672,736.0
2020-04-04,2309.0,17502.0,2922.0,4000,756.0
2020-04-05,2469.0,18855.0,2916.0,6199,599.0
2020-04-06,2644.0,19493.0,3046.0,4143,567.0
2020-04-07,2864.0,20234.0,3150.0,3888,1105.0
2020-04-08,2967.0,20740.0,2967.0,5865,1030.0
2020-04-09,2963.0,21005.0,2629.0,4675,1116.0
2020-04-10,3228.0,21280.0,2462.0,5706,1122.0
2020-04-11,3274.0,21254.0,2163.0,5234,843.0
2020-04-12,3301.0,21687.0,2066.0,5288,657.0
2020-04-13,3277.0,21308.0,2163.0,4342,724.0
2020-04-14,3234.0,21281.0,2088.0,5252,1076.0
2020-04-15,3228.0,20582.0,1880.0,4605,880.0
2020-04-16,3222.0,20389.0,2011.0,4618,1036.0
2020-04-17,3162.0,19330.0,1967.0,5599,913.0
2020-04-18,3247.0,19456.0,1629.0,5526,1105.0
2020-04-19,3176.0,19574.0,1657.0,5850,432.0
2020-04-20,3130.0,19331.0,1734.0,4676,570.0
2020-04-21,3036.0,19139.0,1713.0,4301,1224.0
2020-04-22,2964.0,18533.0,1530.0,4451,847.0
2020-04-23,2867.0,17867.0,1514.0,4583,682.0
2020-04-24,2703.0,17063.0,1525.0,5386,1010.0
2020-04-25,2702.0,16604.0,1253.0,4913,815.0
2020-04-26,2580.0,16555.0,1355.0,4463,364.0
2020-04-27,2460.0,16662.0,1539.0,4310,320.0
2020-04-28,2353.0,15877.0,1518.0,3996,969.0
2020-04-29,2286.0,15521.0,1488.0,4076,769.0
2020-04-30,2224.0,15164.0,1443.0,6032,634.0
2020-05-01,2178.0,14723.0,1263.0,6201,698.0
2020-05-02,2068.0,14380.0,1181.0,4806,584.0
2020-05-03,2009.0,14188.0,1188.0,4339,253.0
2020-05-04,1936.0,14097.0,1249.0,3985,272.0
2020-05-05,1874.0,13723.0,1146.0,4406,726.0
2020-05-06,1802.0,13148.0,1206.0,6111,647.0
2020-05-07,1685.0,12626.0,1166.0,5614,458.0
2020-05-08,1642.0,12053.0,910.0,4649,579.0
2020-05-09,1585.0,12015.0,944.0,3896,275.0
2020-05-10,1538.0,11727.0,916.0,3923,217.0
2020-05-11,1485.0,11967.0,1029.0,3877,187.0
2020-05-12,1414.0,11591.0,983.0,3403,614.0
2020-05-13,1342.0,11342.0,967.0,3242,447.0
2020-05-14,1314.0,10921.0,909.0,3446,352.0
2020-05-15,1337.0,10691.0,871.0,3560,350.0
2020-05-16,1234.0,10238.0,814.0,3451,411.0
2020-05-17,1196.0,10199.0,793.0,3562,67.0
2020-05-18,1141.0,10231.0,850.0,2684,146.0
2020-05-19,1106.0,10013.0,881.0,2412,500.0
2020-05-20,1034.0,9563.0,851.0,2472,328.0
2020-05-21,1008.0,9293.0,841.0,2615,273.0
2020-05-22,964.0,9184.0,740.0,3287,291.0
2020-05-23,928.0,8814.0,643.0,2959,220.0
2020-05-24,886.0,8814.0,587.0,2409,379.0
2020-05-25,863.0,8836.0,604.0,1625,104.0
2020-05-26,847.0,8732.0,698.0,2004,131.0
2020-05-27,783.0,8220.0,713.0,2013,422.0
2020-05-28,751.0,7907.0,703.0,1887,343.0
2020-05-29,719.0,7586.0,615.0,2095,274.0
2020-05-30,704.0,7268.0,568.0,2445,154.0
2020-05-31,679.0,7238.0,529.0,1936,60.0
2020-06-01,652.0,7248.0,604.0,1570,86.0
2020-06-02,636.0,7087.0,668.0,1613,249.0
2020-06-03,602.0,6815.0,634.0,1871,254.0
2020-06-04,571.0,6580.0,566.0,1805,130.0
2020-06-05,554.0,6379.0,475.0,1650,258.0
2020-06-06,540.0,6149.0,408.0,1557,143.0
2020-06-07,515.0,5944.0,407.0,1326,54.0
2020-06-08,509.0,5931.0,413.0,1205,47.0
2020-06-09,491.0,5736.0,496.0,1387,195.0
2020-06-10,439.0,5475.0,512.0,1003,164.0
2020-06-11,390.0,5179.0,446.0,1266,76.0
2020-06-12,393.0,5090.0,394.0,1541,131.0
2020-06-13,390.0,4941.0,387.0,1425,107.0
2020-06-14,393.0,4908.0,364.0,1514,27.0
2020-06-15,385.0,4870.0,442.0,1056,29.0
2020-06-16,378.0,4863.0,456.0,1279,120.0
2020-06-17,357.0,4719.0,433.0,1115,110.0
2020-06-18,352.0,4560.0,406.0,1218,67.0
2020-06-19,330.0,4414.0,337.0,1346,84.0
2020-06-20,346.0,4252.0,257.0,1295,71.0
2020-06-21,310.0,4222.0,289.0,1221,31.0
2020-06-22,340.0,4281.0,395.0,958,14.0
2020-06-23,311.0,4134.0,363.0,874,94.0
2020-06-24,316.0,4030.0,370.0,653,87.0
2020-06-25,276.0,3850.0,325.0,1118,99.0
2020-06-26,268.0,3620.0,339.0,1006,79.0
2020-06-27,270.0,3544.0,287.0,890,40.0
2020-06-28,270.0,3557.0,210.0,901,31.0
2020-06-29,262.0,3748.0,221.0,815,21.0
2020-06-30,279.0,3383.0,296.0,689,53.0
2020-07-01,259.0,3198.0,269.0,829,97.0
2020-07-02,239.0,3079.0,217.0,576,41.0
2020-07-03,231.0,2942.0,214.0,544,50.0
2020-07-04,221.0,2802.0,203.0,624,32.0
2020-07-05,217.0,2741.0,197.0,516,19.0
2020-07-06,209.0,2699.0,205.0,343,11.0
2020-07-07,197.0,2598.0,215.0,581,54.0
2020-07-08,185.0,2454.0,209.0,630,57.0
2020-07-09,188.0,2345.0,215.0,642,31.0
2020-07-10,191.0,2244.0,175.0,512,34.0
2020-07-11,168.0,2119.0,178.0,820,17.0
2020-07-12,159.0,2101.0,114.0,650,9.0
2020-07-13,162.0,2113.0,189.0,530,10.0
2020-07-14,145.0,1993.0,188.0,398,44.0
2020-07-15,153.0,1974.0,166.0,538,26.0
2020-07-16,142.0,1829.0,167.0,642,24.0
2020-07-17,143.0,1804.0,144.0,687,26.0
2020-07-18,137.0,1776.0,105.0,827,9.0
2020-07-19,131.0,1742.0,126.0,726,11.0
2020-07-20,129.0,1734.0,131.0,557,10.0
2020-07-21,137.0,1634.0,127.0,445,25.0
2020-07-22,110.0,1747.0,158.0,560,17.0
2020-07-23,111.0,1538.0,202.0,769,9.0
2020-07-24,104.0,1453.0,158.0,768,32.0
2020-07-25,93.0,1401.0,119.0,767,15.0
2020-07-26,92.0,1383.0,109.0,745,8.0
2020-07-27,97.0,1370.0,132.0,685,3.0
2020-07-28,93.0,1369.0,119.0,581,21.0
2020-07-29,87.0,1350.0,133.0,763,34.0
2020-07-30,84.0,1314.0,133.0,846,0.0
2020-07-31,86.0,1266.0,115.0,880,20.0
2020-08-01,92.0,1290.0,127.0,761,13.0
2020-08-02,85.0,1254.0,95.0,744,5.0
2020-08-03,77.0,1251.0,109.0,898,1.0
2020-08-04,76.0,1216.0,130.0,670,18.0
2020-08-05,73.0,1200.0,142.0,892,14.0
2020-08-06,69.0,1155.0,102.0,950,18.0
2020-08-07,67.0,1094.0,116.0,871,12.0
2020-08-08,62.0,1027.0,141.0,758,3.0
2020-08-09,65.0,983.0,108.0,1062,5.0
2020-08-10,70.0,1087.0,89.0,740,18.0
2020-08-11,73.0,1039.0,115.0,1148,13.0
2020-08-12,80.0,1004.0,103.0,1009,20.0
2020-08-13,75.0,1008.0,130.0,1129,18.0
2020-08-14,73.0,995.0,104.0,1441,11.0
2020-08-15,76.0,974.0,99.0,1077,3.0
2020-08-16,78.0,979.0,81.0,1040,5.0
2020-08-17,73.0,982.0,99.0,713,3.0
2020-08-18,73.0,953.0,132.0,1089,12.0
2020-08-19,70.0,924.0,117.0,812,16.0
2020-08-20,76.0,909.0,98.0,1182,6.0
2020-08-21,72.0,888.0,109.0,1033,2.0
2020-08-22,71.0,943.0,73.0,1288,18.0
2020-08-23,72.0,870.0,74.0,1160,6.0
2020-08-24,68.0,876.0,93.0,853,4.0
2020-08-25,68.0,844.0,122.0,1184,16.0
2020-08-26,64.0,829.0,132.0,1048,16.0
2020-08-27,71.0,840.0,154.0,1522,12.0
2020-08-28,60.0,818.0,137.0,1276,9.0
2020-08-29,66.0,833.0,110.0,1108,12.0
2020-08-30,68.0,831.0,77.0,1715,1.0
2020-08-31,71.0,854.0,90.0,1406,2.0
2020-09-01,82.0,861.0,135.0,1295,3.0
2020-09-02,81.0,803.0,147.0,1508,10.0
2020-09-03,76.0,817.0,147.0,1735,13.0
2020-09-04,69.0,818.0,155.0,1940,10.0
2020-09-05,67.0,812.0,131.0,1813,12.0
2020-09-06,69.0,817.0,139.0,2988,2.0
2020-09-07,77.0,902.0,148.0,2948,3.0
2020-09-08,80.0,894.0,187.0,2460,32.0
2020-09-09,80.0,924.0,204.0,2659,8.0
2020-09-10,78.0,944.0,219.0,2919,14.0
2020-09-11,143.0,770.0,232.0,3539,6.0
2020-09-12,86.0,812.0,219.0,3497,9.0
2020-09-13,92.0,843.0,226.0,3330,5.0
2020-09-14,105.0,982.0,258.0,2621,9.0
2020-09-15,115.0,1066.0,272.0,3105,27.0
2020-09-16,124.0,1106.0,285.0,3991,20.0
2020-09-17,127.0,1162.0,266.0,3395,21.0
2020-09-18,138.0,1221.0,263.0,4322,27.0
2020-09-19,144.0,1300.0,261.0,4422,27.0
2020-09-20,165.0,1398.0,290.0,3899,18.0
2020-09-21,181.0,1558.0,373.0,4368,11.0
2020-09-22,211.0,1636.0,352.0,4926,37.0
2020-09-23,228.0,1730.0,425.0,6178,37.0
2020-09-24,243.0,1846.0,425.0,6634,40.0
2020-09-25,262.0,2020.0,382.0,6874,35.0
2020-09-26,261.0,2033.0,351.0,6042,34.0
2020-09-27,276.0,2188.0,344.0,5693,17.0
2020-09-28,297.0,2399.0,445.0,4044,13.0
2020-09-29,314.0,2420.0,442.0,7143,71.0
2020-09-30,333.0,2530.0,452.0,7108,71.0
2020-10-01,341.0,2592.0,529.0,6914,59.0
2020-10-02,369.0,2723.0,529.0,6968,66.0
2020-10-03,369.0,2867.0,533.0,12872,49.0
2020-10-04,369.0,3056.0,634.0,22961,33.0
2020-10-05,393.0,3370.0,630.0,12594,19.0
2020-10-06,410.0,3642.0,725.0,14542,76.0
2020-10-07,442.0,3893.0,694.0,14162,70.0
2020-10-08,436.0,4085.0,715.0,17540,77.0
2020-10-09,440.0,4170.0,709.0,13864,87.0
2020-10-10,469.0,4358.0,724.0,15166,81.0
2020-10-11,477.0,4670.0,824.0,12872,65.0
2020-10-12,507.0,4959.0,889.0,13972,50.0
2020-10-13,516.0,5293.0,1031.0,17234,143.0
2020-10-14,563.0,5598.0,989.0,19724,137.0
2020-10-15,581.0,5933.0,1047.0,18980,138.0
2020-10-16,592.0,6296.0,925.0,15650,136.0
2020-10-17,614.0,6545.0,1032.0,16171,150.0
2020-10-18,630.0,6829.0,1091.0,16982,67.0
2020-10-19,658.0,7334.0,1108.0,18804,80.0
2020-10-20,698.0,7852.0,1194.0,21331,241.0
2020-10-21,712.0,8132.0,1264.0,26688,191.0
2020-10-22,708.0,8311.0,1285.0,21242,189.0
2020-10-23,744.0,8886.0,1299.0,20530,224.0
2020-10-24,788.0,9262.0,1262.0,23012,174.0
2020-10-25,828.0,9786.0,1427.0,19790,151.0
2020-10-26,853.0,10108.0,1542.0,20890,102.0
2020-10-27,903.0,10938.0,1500.0,22885,367.0
2020-10-28,957.0,11434.0,1494.0,24701,310.0
2020-10-29,974.0,11583.0,1592.0,23065,280.0
2020-10-30,979.0,11788.0,1387.0,24405,274.0
2020-10-31,1003.0,12310.0,1462.0,21915,326.0
2020-11-01,979.0,12230.0,1498.0,23254,162.0
2020-11-02,1075.0,13105.0,1575.0,18950,136.0
2020-11-03,1144.0,13749.0,1528.0,20018,397.0
2020-11-04,1193.0,13817.0,1690.0,25177,492.0
2020-11-05,1183.0,13796.0,1592.0,24141,378.0
2020-11-06,1187.0,13958.0,1418.0,23287,355.0
2020-11-07,1207.0,14314.0,1560.0,24957,413.0
2020-11-08,1232.0,14546.0,1693.0,20572,156.0
2020-11-09,1271.0,15141.0,1768.0,21350,194.0
2020-11-10,1219.0,14964.0,1856.0,20412,532.0
2020-11-11,1268.0,15666.0,1973.0,22950,595.0
2020-11-12,1275.0,15879.0,1917.0,33470,563.0
2020-11-13,1355.0,16236.0,1651.0,27301,376.0
2020-11-14,1365.0,16299.0,1616.0,26860,462.0
2020-11-15,1397.0,16864.0,1675.0,24962,168.0
2020-11-16,1391.0,17313.0,1772.0,21363,213.0
2020-11-17,1420.0,17439.0,1719.0,20051,598.0
2020-11-18,1430.0,17486.0,1788.0,19609,529.0
2020-11-19,1426.0,17459.0,1687.0,22915,501.0
2020-11-20,1422.0,17184.0,1553.0,20252,511.0
2020-11-21,1447.0,17063.0,1461.0,19875,341.0
2020-11-22,1454.0,17264.0,1492.0,18662,398.0
2020-11-23,1487.0,17681.0,1589.0,15450,206.0
2020-11-24,1489.0,17424.0,1499.0,11299,608.0
2020-11-25,1480.0,17132.0,1614.0,18213,696.0
2020-11-26,1456.0,16762.0,1426.0,17555,498.0
2020-11-27,1417.0,16571.0,1280.0,16022,521.0
2020-11-28,1378.0,15985.0,1221.0,15871,479.0
2020-11-29,1387.0,16313.0,1389.0,12155,215.0
2020-11-30,1357.0,16565.0,1407.0,12330,205.0
2020-12-01,1351.0,16312.0,1493.0,13430,603.0
2020-12-02,1315.0,15977.0,1486.0,16170,648.0
2020-12-03,1261.0,15658.0,1502.0,14879,414.0
2020-12-04,1274.0,15727.0,1432.0,16298,504.0
2020-12-05,1247.0,15688.0,1378.0,15539,397.0
2020-12-06,1249.0,15960.0,1471.0,17272,231.0
2020-12-07,1271.0,16415.0,1663.0,14718,189.0
2020-12-08,1272.0,16477.0,1785.0,12282,616.0
2020-12-09,1243.0,16331.0,1757.0,16578,533.0
2020-12-10,1267.0,16723.0,1754.0,20964,516.0
2020-12-11,1275.0,16885.0,1690.0,21672,424.0
2020-12-12,1243.0,16909.0,1799.0,21502,519.0
2020-12-13,1281.0,17538.0,1754.0,18447,144.0
2020-12-14,1288.0,18246.0,1957.0,20263,232.0
2020-12-15,1326.0,18216.0,1958.0,18450,506.0
2020-12-16,1340.0,18671.0,2084.0,25161,613.0
2020-12-17,1366.0,18970.0,2145.0,35383,532.0
2020-12-18,1364.0,19117.0,1922.0,28507,489.0
2020-12-19,1412.0,19463.0,2044.0,27052,534.0
2020-12-20,1442.0,20004.0,2170.0,35928,326.0
2020-12-21,1512.0,21133.0,2372.0,33364,215.0
2020-12-22,1529.0,21488.0,2482.0,36804,691.0
2020-12-23,1554.0,21222.0,2280.0,39237,744.0
2020-12-24,1607.0,21577.0,2082.0,39877,585.0
2020-12-25,1616.0,20918.0,2181.0,32725,613.0
2020-12-26,1682.0,21730.0,2531.0,35691,230.0
2020-12-27,1751.0,22764.0,2871.0,30501,317.0
2020-12-28,1847.0,24049.0,3134.0,41385,357.0
2020-12-29,1939.0,25549.0,3252.0,53135,414.0
2020-12-30,2066.0,26551.0,3294.0,50023,981.0
2020-12-31,2122.0,26577.0,2921.0,55892,964.0
2021-01-01,2162.0,26389.0,3369.0,53285,656.0
2021-01-02,2256.0,27561.0,3442.0,57725,445.0
2021-01-03,2420.0,29033.0,3649.0,54990,455.0
2021-01-04,2560.0,30775.0,3937.0,58784,407.0
2021-01-05,2645.0,30686.0,4120.0,60916,830.0
2021-01-06,2821.0,31946.0,4392.0,62322,1041.0
2021-01-07,2929.0,32583.0,4296.0,52618,1162.0
2021-01-08,3098.0,33778.0,3999.0,68053,1325.0
2021-01-09,3145.0,34032.0,4129.0,59937,1035.0
2021-01-10,3264.0,35391.0,3937.0,54940,563.0
2021-01-11,3363.0,36751.0,4310.0,46169,529.0
2021-01-12,3496.0,36981.0,4583.0,45533,1243.0
2021-01-13,3626.0,37487.0,4224.0,47525,1564.0
2021-01-14,3672.0,37692.0,4105.0,48682,1248.0
2021-01-15,3789.0,38133.0,3686.0,55761,1280.0
2021-01-16,3854.0,37715.0,3941.0,41346,1295.0
2021-01-17,3871.0,38169.0,3750.0,38598,671.0
2021-01-18,3916.0,39254.0,4066.0,37535,599.0
2021-01-19,3947.0,38846.0,4161.0,33355,1610.0
2021-01-20,3953.0,38739.0,4051.0,38905,1820.0
2021-01-21,3960.0,38059.0,3636.0,37892,1290.0
2021-01-22,4076.0,38258.0,3395.0,40261,1401.0
2021-01-23,4066.0,37398.0,3117.0,33552,1348.0
2021-01-24,4077.0,37730.0,3113.0,30004,610.0
2021-01-25,4032.0,37756.0,2931.0,22195,592.0
2021-01-26,3961.0,37101.0,3153.0,20089,1631.0
2021-01-27,3937.0,35513.0,3060.0,25308,1725.0
2021-01-28,3918.0,34909.0,3045.0,28680,1239.0
2021-01-29,3832.0,33847.0,2687.0,29079,1245.0
2021-01-30,3806.0,33015.0,2471.0,23275,1200.0
2021-01-31,3687.0,32586.0,2409.0,21088,587.0
2021-02-01,3726.0,32960.0,2602.0,18607,406.0
2021-02-02,3635.0,31766.0,2484.0,16840,1449.0
2021-02-03,3628.0,30604.0,2360.0,19202,1322.0
2021-02-04,3572.0,29413.0,2142.0,20634,915.0
2021-02-05,3505.0,28383.0,2006.0,19114,1014.0
2021-02-06,3373.0,26914.0,1894.0,18262,828.0
2021-02-07,3302.0,26800.0,1853.0,15845,373.0
2021-02-08,3230.0,26744.0,1921.0,14104,333.0
2021-02-09,3164.0,25689.0,1755.0,12364,1052.0
2021-02-10,3132.0,24417.0,1726.0,13013,1001.0
2021-02-11,3036.0,23411.0,1681.0,13494,678.0
2021-02-12,2943.0,22324.0,1510.0,15144,758.0
2021-02-13,2842.0,20970.0,1428.0,13308,621.0
2021-02-14,2851.0,21054.0,1536.0,10972,258.0
2021-02-15,2805.0,20994.0,1507.0,9765,230.0
2021-02-16,2708.0,20215.0,1495.0,10625,799.0
2021-02-17,2614.0,19449.0,1413.0,12718,738.0
2021-02-18,2535.0,18522.0,1338.0,12057,454.0
2021-02-19,2469.0,17860.0,1274.0,12027,533.0
2021-02-20,2358.0,17042.0,1095.0,10406,445.0
2021-02-21,2329.0,16857.0,1158.0,9834,215.0
2021-02-22,2273.0,16855.0,1121.0,10641,178.0
2021-02-23,2149.0,16115.0,1121.0,8489,548.0
2021-02-24,2118.0,15534.0,1022.0,9938,442.0
2021-02-25,2047.0,14849.0,969.0,9985,323.0
2021-02-26,1971.0,14077.0,864.0,8523,345.0
2021-02-27,1903.0,13269.0,742.0,7434,290.0
2021-02-28,1783.0,12788.0,770.0,6035,144.0
2021-03-01,1806.0,12894.0,824.0,5455,104.0
2021-03-02,1709.0,12139.0,835.0,6391,343.0
2021-03-03,1647.0,11523.0,713.0,6385,315.0
2021-03-04,1589.0,10933.0,705.0,6573,242.0
2021-03-05,1542.0,10312.0,601.0,5947,236.0
2021-03-06,1449.0,9711.0,639.0,6040,158.0
2021-03-07,1394.0,9459.0,536.0,5177,82.0
2021-03-08,1356.0,9474.0,577.0,4712,65.0
2021-03-09,1292.0,9009.0,579.0,5766,231.0
2021-03-10,1236.0,8436.0,567.0,5926,190.0
2021-03-11,1192.0,8066.0,550.0,6753,181.0
2021-03-12,1110.0,7728.0,483.0,6609,175.0
2021-03-13,1087.0,7384.0,463.0,5534,121.0
2021-03-14,1049.0,7316.0,429.0,4618,52.0
2021-03-15,1016.0,7208.0,503.0,5089,64.0
2021-03-16,968.0,6847.0,441.0,5294,110.0
2021-03-17,925.0,6585.0,446.0,5758,141.0
2021-03-18,879.0,6150.0,451.0,6303,95.0
2021-03-19,830.0,5880.0,381.0,4802,101.0
2021-03-20,787.0,5567.0,364.0,5587,96.0
2021-03-21,768.0,5448.0,358.0,5312,33.0
2021-03-22,748.0,5431.0,362.0,5342,17.0
2021-03-23,711.0,5150.0,368.0,5379,112.0
2021-03-24,682.0,4880.0,349.0,5605,98.0
2021-03-25,630.0,4583.0,340.0,6397,63.0
2021-03-26,615.0,4485.0,299.0,6187,70.0
2021-03-27,594.0,4436.0,273.0,4715,58.0
2021-03-28,582.0,4185.0,272.0,3862,19.0
2021-03-29,583.0,4197.0,251.0,4654,23.0
2021-03-30,568.0,3976.0,257.0,4040,56.0
2021-03-31,547.0,3742.0,269.0,4052,43.0
2021-04-01,517.0,3557.0,234.0,4479,51.0
2021-04-02,485.0,3376.0,238.0,3402,52.0
2021-04-03,478.0,3244.0,223.0,3423,10.0
2021-04-04,469.0,3229.0,197.0,2297,10.0
2021-04-05,461.0,3255.0,239.0,2762,26.0
2021-04-06,453.0,3143.0,226.0,2379,20.0
2021-04-07,440.0,3019.0,235.0,2763,45.0
2021-04-08,421.0,2872.0,209.0,3030,53.0
2021-04-09,405.0,2793.0,205.0,3150,60.0
2021-04-10,385.0,2651.0,189.0,2589,40.0
2021-04-11,385.0,2550.0,205.0,1730,7.0
2021-04-12,377.0,2493.0,209.0,3568,13.0
2021-04-13,370.0,2409.0,182.0,2472,23.0
2021-04-14,351.0,2295.0,198.0,2491,38.0
2021-04-15,329.0,2195.0,163.0,2672,30.0
2021-04-16,332.0,2140.0,159.0,2596,34.0
2021-04-17,323.0,2035.0,159.0,2206,35.0
2021-04-18,311.0,1983.0,142.0,1882,10.0
2021-04-19,318.0,2007.0,178.0,2963,4.0
2021-04-20,300.0,1926.0,138.0,2524,33.0
2021-04-21,276.0,1893.0,172.0,2396,22.0
2021-04-22,261.0,1791.0,121.0,2729,18.0
2021-04-23,243.0,1749.0,155.0,2678,40.0
2021-04-24,240.0,1673.0,129.0,2061,32.0
2021-04-25,231.0,1626.0,138.0,1712,11.0
2021-04-26,227.0,1649.0,135.0,2064,6.0
2021-04-27,214.0,1572.0,169.0,2685,17.0
2021-04-28,208.0,1515.0,114.0,2166,29.0
2021-04-29,196.0,1464.0,102.0,2445,22.0
2021-04-30,185.0,1366.0,110.0,2381,15.0
2021-05-01,188.0,1287.0,101.0,1907,7.0
2021-05-02,196.0,1285.0,120.0,1671,14.0
2021-05-03,187.0,1303.0,123.0,1649,1.0
2021-05-04,181.0,1295.0,103.0,1946,4.0
2021-05-05,182.0,1239.0,122.0,2144,27.0
2021-05-06,163.0,1159.0,123.0,2613,13.0
2021-05-07,159.0,1157.0,105.0,2490,15.0
2021-05-08,151.0,1137.0,109.0,2047,5.0
2021-05-09,144.0,1118.0,104.0,1770,2.0
2021-05-10,149.0,1129.0,104.0,2357,4.0
2021-05-11,138.0,1106.0,116.0,2474,20.0
2021-05-12,136.0,1068.0,119.0,2284,11.0
2021-05-13,129.0,1001.0,108.0,2657,11.0
2021-05-14,124.0,976.0,93.0,2193,17.0
2021-05-15,121.0,966.0,91.0,2027,7.0
2021-05-16,123.0,941.0,80.0,1926,4.0
2021-05-17,125.0,943.0,104.0,1979,5.0
2021-05-18,124.0,898.0,128.0,2412,7.0
2021-05-19,122.0,918.0,128.0,2696,3.0
2021-05-20,123.0,912.0,134.0,2874,7.0
2021-05-21,124.0,922.0,124.0,2829,9.0
2021-05-22,123.0,887.0,120.0,2694,6.0
2021-05-23,120.0,924.0,116.0,2235,5.0
2021-05-24,121.0,960.0,139.0,2439,3.0
2021-05-25,128.0,921.0,135.0,2493,15.0
2021-05-26,125.0,895.0,133.0,3180,9.0
2021-05-27,120.0,872.0,128.0,3542,10.0
2021-05-28,124.0,886.0,141.0,4182,10.0
2021-05-29,119.0,887.0,104.0,3398,7.0
2021-05-30,124.0,907.0,113.0,3240,6.0
2021-05-31,122.0,929.0,127.0,3383,1.0
2021-06-01,136.0,930.0,155.0,3165,0.0
2021-06-02,129.0,961.0,131.0,4330,12.0
2021-06-03,134.0,938.0,131.0,5274,18.0
2021-06-04,130.0,965.0,124.0,6238,11.0
2021-06-05,135.0,938.0,127.0,5765,13.0
2021-06-06,145.0,964.0,155.0,5341,4.0
2021-06-07,148.0,1035.0,176.0,5683,1.0
2021-06-08,154.0,1057.0,190.0,6048,13.0
2021-06-09,159.0,1064.0,194.0,7540,6.0
2021-06-10,158.0,1095.0,202.0,7393,7.0
2021-06-11,161.0,1077.0,179.0,8125,17.0
2021-06-12,169.0,1106.0,178.0,7738,12.0
2021-06-13,188.0,1141.0,222.0,7490,8.0
2021-06-14,188.0,1182.0,229.0,7742,3.0
2021-06-15,206.0,1233.0,233.0,7673,10.0
2021-06-16,208.0,1258.0,230.0,9055,9.0
2021-06-17,210.0,1323.0,243.0,11007,19.0
2021-06-18,223.0,1365.0,241.0,10476,11.0
2021-06-19,215.0,1350.0,215.0,10321,14.0
2021-06-20,210.0,1385.0,206.0,9284,6.0
2021-06-21,228.0,1519.0,231.0,10633,5.0
2021-06-22,250.0,1543.0,241.0,11625,27.0
2021-06-23,246.0,1497.0,278.0,16135,19.0
2021-06-24,259.0,1518.0,256.0,16703,21.0
2021-06-25,257.0,1539.0,257.0,15810,18.0
2021-06-26,256.0,1546.0,268.0,18270,23.0
2021-06-27,263.0,1607.0,270.0,14876,11.0
2021-06-28,297.0,1745.0,311.0,22868,3.0
2021-06-29,283.0,1748.0,368.0,20479,23.0
2021-06-30,287.0,1827.0,416.0,26068,14.0
2021-07-01,300.0,1937.0,373.0,27989,22.0
2021-07-02,321.0,2014.0,393.0,27125,27.0
2021-07-03,327.0,2058.0,393.0,24885,18.0
2021-07-04,336.0,2178.0,467.0,24248,15.0
2021-07-05,369.0,2364.0,517.0,27334,9.0
2021-07-06,392.0,2486.0,574.0,28773,37.0
2021-07-07,417.0,2681.0,569.0,32548,33.0
2021-07-08,417.0,2768.0,611.0,32551,35.0
2021-07-09,437.0,2939.0,561.0,35707,29.0
2021-07-10,448.0,3036.0,551.0,32367,34.0
2021-07-11,454.0,3182.0,594.0,31772,26.0
2021-07-12,482.0,3458.0,733.0,34471,6.0
2021-07-13,522.0,3673.0,751.0,36660,50.0
2021-07-14,545.0,3857.0,756.0,42302,49.0
2021-07-15,551.0,4038.0,774.0,48553,63.0
2021-07-16,573.0,4151.0,701.0,51870,49.0
2021-07-17,583.0,4231.0,709.0,54674,41.0
2021-07-18,582.0,4347.0,799.0,48161,25.0
2021-07-19,611.0,4651.0,876.0,39950,19.0
2021-07-20,618.0,4742.0,938.0,46558,96.0
2021-07-21,647.0,4930.0,930.0,44104,73.0
2021-07-22,699.0,5102.0,956.0,39906,84.0
2021-07-23,715.0,5312.0,866.0,36389,64.0
2021-07-24,755.0,5379.0,828.0,31795,86.0
2021-07-25,779.0,5648.0,942.0,29173,28.0
2021-07-26,820.0,6004.0,937.0,24950,14.0
2021-07-27,848.0,6098.0,919.0,23511,131.0
2021-07-28,853.0,6107.0,852.0,27734,91.0
2021-07-29,869.0,5986.0,839.0,31117,85.0
2021-07-30,889.0,6019.0,750.0,29622,68.0
2021-07-31,893.0,5958.0,675.0,26144,71.0
2021-08-01,877.0,5982.0,740.0,24470,65.0
2021-08-02,895.0,6215.0,788.0,21952,24.0
2021-08-03,887.0,6006.0,764.0,21691,138.0
2021-08-04,881.0,5792.0,837.0,29312,119.0
2021-08-05,871.0,5755.0,817.0,30215,86.0
2021-08-06,870.0,5753.0,782.0,31808,92.0
2021-08-07,854.0,5704.0,729.0,28612,103.0
2021-08-08,856.0,5857.0,744.0,27429,39.0
2021-08-09,859.0,6018.0,758.0,25161,37.0
2021-08-10,874.0,6020.0,894.0,23510,146.0
2021-08-11,871.0,6005.0,850.0,29612,104.0
2021-08-12,882.0,5960.0,861.0,33074,94.0
2021-08-13,892.0,5988.0,790.0,32700,100.0
2021-08-14,892.0,5885.0,790.0,29520,93.0
2021-08-15,898.0,6046.0,808.0,26750,61.0
2021-08-16,918.0,6383.0,873.0,28438,26.0
2021-08-17,925.0,6407.0,972.0,26852,170.0
2021-08-18,909.0,6465.0,911.0,33904,111.0
2021-08-19,928.0,6509.0,946.0,36572,113.0
2021-08-20,955.0,6520.0,870.0,37314,114.0
2021-08-21,955.0,6531.0,876.0,32058,104.0
2021-08-22,963.0,6749.0,833.0,32253,49.0
2021-08-23,942.0,7019.0,970.0,31914,40.0
2021-08-24,957.0,6961.0,1002.0,30838,174.0
2021-08-25,974.0,6987.0,1037.0,35847,149.0
2021-08-26,982.0,7032.0,956.0,38281,140.0
2021-08-27,988.0,7086.0,943.0,38046,100.0
2021-08-28,953.0,6981.0,863.0,32406,133.0
2021-08-29,971.0,7111.0,856.0,33196,61.0
2021-08-30,984.0,7340.0,1004.0,26476,48.0
2021-08-31,1014.0,7678.0,1003.0,32181,50.0
2021-09-01,1030.0,7682.0,1083.0,35693,207.0
2021-09-02,1038.0,7622.0,1001.0,38154,178.0
2021-09-03,1034.0,7671.0,928.0,42076,121.0
2021-09-04,1019.0,7556.0,953.0,37578,120.0
2021-09-05,1018.0,7751.0,879.0,37011,68.0
2021-09-06,1062.0,8037.0,1079.0,41192,45.0
2021-09-07,1047.0,7981.0,1105.0,37489,209.0
2021-09-08,1060.0,8137.0,1165.0,38975,191.0
2021-09-09,1051.0,8146.0,1035.0,38013,167.0
2021-09-10,1056.0,8317.0,923.0,37622,147.0
2021-09-11,1027.0,8145.0,850.0,29547,156.0
2021-09-12,1055.0,8255.0,865.0,29173,56.0
2021-09-13,1056.0,8478.0,941.0,30825,61.0
2021-09-14,1060.0,8401.0,948.0,26628,185.0
2021-09-15,1081.0,8407.0,948.0,30597,201.0
2021-09-16,1020.0,8125.0,894.0,26911,158.0
2021-09-17,1011.0,7918.0,753.0,32651,178.0
2021-09-18,1004.0,7707.0,759.0,30144,164.0
2021-09-19,1006.0,7758.0,731.0,29612,56.0
2021-09-20,982.0,7809.0,812.0,36100,49.0
2021-09-21,943.0,7636.0,803.0,31564,203.0
2021-09-22,939.0,7429.0,754.0,34460,166.0
2021-09-23,916.0,7179.0,780.0,36710,182.0
2021-09-24,878.0,6928.0,731.0,35623,180.0
2021-09-25,874.0,6974.0,675.0,32468,127.0
2021-09-26,839.0,6835.0,671.0,32417,58.0
2021-09-27,831.0,7066.0,784.0,37960,40.0
2021-09-28,826.0,7049.0,780.0,34526,167.0
2021-09-29,813.0,6935.0,812.0,36722,150.0
2021-09-30,815.0,6791.0,709.0,36480,137.0
2021-10-01,805.0,6623.0,695.0,35577,127.0
2021-10-02,764.0,6474.0,697.0,30301,121.0
2021-10-03,778.0,6631.0,718.0,30439,43.0
2021-10-04,769.0,6822.0,811.0,35077,33.0
2021-10-05,800.0,6898.0,838.0,33869,166.0
2021-10-06,807.0,6883.0,780.0,39851,143.0
2021-10-07,808.0,6832.0,822.0,40701,122.0
2021-10-08,780.0,6810.0,787.0,41765,150.0
2021-10-09,768.0,6754.0,769.0,34950,133.0
2021-10-10,744.0,6926.0,735.0,34574,38.0
2021-10-11,747.0,7080.0,848.0,40224,28.0
2021-10-12,780.0,7110.0,943.0,38520,181.0
2021-10-13,781.0,7125.0,929.0,42776,136.0
2021-10-14,783.0,7183.0,919.0,45066,157.0
2021-10-15,791.0,7196.0,956.0,44932,145.0
2021-10-16,805.0,7222.0,886.0,43423,148.0
2021-10-17,819.0,7493.0,973.0,45140,57.0
2021-10-18,826.0,7861.0,1090.0,49156,45.0
2021-10-19,851.0,8010.0,1111.0,43738,223.0
2021-10-20,872.0,8266.0,1117.0,49139,179.0
2021-10-21,892.0,8360.0,984.0,52009,115.0
2021-10-22,889.0,8344.0,943.0,49298,180.0
2021-10-23,869.0,8337.0,914.0,44985,135.0
2021-10-24,885.0,8506.0,971.0,39962,72.0
2021-10-25,913.0,8830.0,1066.0,36567,38.0
2021-10-26,952.0,8947.0,1117.0,40954,263.0
2021-10-27,945.0,9052.0,1153.0,43941,207.0
2021-10-28,944.0,9130.0,1082.0,39842,165.0
2021-10-29,962.0,9227.0,1031.0,43467,186.0
2021-10-30,968.0,9279.0,903.0,41278,166.0
2021-10-31,980.0,9431.0,1009.0,38009,74.0
2021-11-01,1030.0,9676.0,1098.0,40077,40.0
2021-11-02,1024.0,9659.0,1080.0,33865,293.0
2021-11-03,1019.0,9444.0,983.0,41299,217.0
2021-11-04,1034.0,9298.0,879.0,37269,214.0
2021-11-05,1026.0,9098.0,858.0,34029,193.0
2021-11-06,1018.0,8852.0,827.0,30693,155.0
2021-11-07,1012.0,8872.0,885.0,30305,62.0
2021-11-08,1026.0,9023.0,1012.0,32322,57.0
2021-11-09,1023.0,8974.0,993.0,33117,262.0
2021-11-10,1008.0,8903.0,983.0,39329,214.0
2021-11-11,999.0,8750.0,957.0,42408,195.0
2021-11-12,989.0,8658.0,890.0,40375,145.0
2021-11-13,974.0,8521.0,773.0,38351,157.0
2021-11-14,979.0,8608.0,807.0,36517,63.0
2021-11-15,968.0,8766.0,837.0,39705,47.0
2021-11-16,938.0,8489.0,897.0,37243,214.0
2021-11-17,935.0,8240.0,860.0,38263,201.0
2021-11-18,923.0,8141.0,838.0,46807,199.0
2021-11-19,911.0,8089.0,769.0,44242,157.0
2021-11-20,908.0,7968.0,732.0,40941,150.0
2021-11-21,913.0,8063.0,756.0,40004,61.0
2021-11-22,928.0,8157.0,741.0,44917,45.0
2021-11-23,919.0,7943.0,779.0,42484,165.0
2021-11-24,928.0,7695.0,910.0,43676,149.0
2021-11-25,925.0,7685.0,773.0,47240,147.0
2021-11-26,925.0,7585.0,728.0,50091,160.0
2021-11-27,911.0,7430.0,715.0,39567,131.0
2021-11-28,919.0,7460.0,709.0,37681,51.0
2021-11-29,916.0,7687.0,801.0,42583,35.0
2021-11-30,931.0,7695.0,828.0,39716,159.0
2021-12-01,895.0,7367.0,820.0,48374,171.0
2021-12-02,895.0,7439.0,834.0,53945,141.0
2021-12-03,900.0,7348.0,729.0,50584,143.0
2021-12-04,895.0,7201.0,740.0,42848,127.0
2021-12-05,882.0,7302.0,836.0,43992,54.0
2021-12-06,901.0,7409.0,866.0,51459,41.0
2021-12-07,880.0,7393.0,938.0,45691,180.0
2021-12-08,890.0,7411.0,879.0,51342,161.0
2021-12-09,900.0,7478.0,941.0,50867,148.0
2021-12-10,901.0,7429.0,810.0,58194,120.0
2021-12-11,883.0,7394.0,784.0,54073,132.0
2021-12-12,893.0,7516.0,861.0,48854,52.0
2021-12-13,900.0,7732.0,907.0,54661,38.0
2021-12-14,896.0,7729.0,936.0,59610,150.0
2021-12-15,888.0,7650.0,934.0,78610,165.0
2021-12-16,875.0,7663.0,904.0,88376,146.0
2021-12-17,879.0,7536.0,866.0,93045,111.0
2021-12-18,855.0,7468.0,827.0,90418,125.0
2021-12-19,858.0,7623.0,1012.0,82886,45.0
2021-12-20,859.0,7865.0,1195.0,91743,44.0
2021-12-21,849.0,8072.0,1233.0,90629,172.0
2021-12-22,842.0,8291.0,1398.0,109655,140.0
2021-12-23,840.0,8325.0,1382.0,119789,147.0
2021-12-24,835.0,8542.0,1164.0,122186,137.0
2021-12-25,838.0,8350.0,1388.0,121880,10.0
2021-12-26,851.0,8764.0,1519.0,119923,3.0
2021-12-27,870.0,9782.0,1933.0,109077,143.0
2021-12-28,851.0,10937.0,2272.0,138831,19.0
2021-12-29,868.0,11978.0,2585.0,183037,57.0
2021-12-30,875.0,13161.0,2342.0,189213,332.0
2021-12-31,883.0,14176.0,2036.0,189846,203.0
2022-01-01,857.0,14497.0,2034.0,179637,162.0
2022-01-02,864.0,15128.0,2078.0,151663,73.0
2022-01-03,878.0,16310.0,,157758,42.0
2022-01-04,900.0,17295.0,,218724,49.0
2022-01-05,875.0,17988.0,,194747,334.0
2022-01-06,,,,179756,231.0
